{
    "loss": 0.24014469981193542,
    "accuracy": 0.837837815284729
}