{
    "loss": 0.28112873435020447,
    "accuracy": 0.8698795437812805
}