{
    "loss": 2.4679718017578125,
    "accuracy": 0.8638554215431213
}