{
    "loss": 26.84563636779785,
    "accuracy": 0.8457831144332886
}