{
    "loss": 0.274048775434494,
    "accuracy": 0.8722891807556152
}