{
    "loss": 11.183696746826172,
    "accuracy": 0.7027027010917664
}