{
    "loss": 0.5282194018363953,
    "accuracy": 0.7506024241447449
}