{
    "loss": 0.12351244688034058,
    "accuracy": 0.9932432174682617
}